<?xml version="1.0" encoding="UTF-8"?>
<configurationDescriptor version="95">
  <logicalFolder name="root" displayName="root" projectFiles="true" kind="ROOT">
    <logicalFolder name="build"
                   displayName="build"
                   projectFiles="true"
                   root="../../build">
      <logicalFolder name="speedtest.ino"
                     displayName="speedtest.ino"
                     projectFiles="true">
        <logicalFolder name="_teensy3" displayName="_teensy3" projectFiles="true">
          <logicalFolder name="_TEENSY30" displayName="_TEENSY30" projectFiles="true">
            <logicalFolder name="_AVR" displayName="_AVR" projectFiles="true">
              <logicalFolder name="_mk20dx128" displayName="_mk20dx128" projectFiles="true">
                <logicalFolder name="sketch" displayName="sketch" projectFiles="true">
                  <itemPath>../../build/speedtest.ino/_teensy3/_TEENSY30/_AVR/_mk20dx128/sketch/speedtest.ino.cpp</itemPath>
                </logicalFolder>
              </logicalFolder>
            </logicalFolder>
          </logicalFolder>
          <logicalFolder name="_TEENSY31" displayName="_TEENSY31" projectFiles="true">
            <logicalFolder name="_AVR" displayName="_AVR" projectFiles="true">
              <logicalFolder name="_mk20dx256" displayName="_mk20dx256" projectFiles="true">
                <logicalFolder name="sketch" displayName="sketch" projectFiles="true">
                  <itemPath>../../build/speedtest.ino/_teensy3/_TEENSY31/_AVR/_mk20dx256/sketch/speedtest.ino.cpp</itemPath>
                </logicalFolder>
              </logicalFolder>
            </logicalFolder>
          </logicalFolder>
          <logicalFolder name="_TEENSY36" displayName="_TEENSY36" projectFiles="true">
            <logicalFolder name="_AVR" displayName="_AVR" projectFiles="true">
              <logicalFolder name="_mk66fx1m0" displayName="_mk66fx1m0" projectFiles="true">
                <logicalFolder name="sketch" displayName="sketch" projectFiles="true">
                  <itemPath>../../build/speedtest.ino/_teensy3/_TEENSY36/_AVR/_mk66fx1m0/sketch/speedtest.ino.cpp</itemPath>
                </logicalFolder>
              </logicalFolder>
            </logicalFolder>
          </logicalFolder>
        </logicalFolder>
      </logicalFolder>
      <logicalFolder name="Teensy3_SPI_shiftRegister_input.ino"
                     displayName="Teensy3_SPI_shiftRegister_input.ino"
                     projectFiles="true">
        <logicalFolder name="_teensy3" displayName="_teensy3" projectFiles="true">
          <logicalFolder name="_TEENSY30" displayName="_TEENSY30" projectFiles="true">
            <logicalFolder name="_AVR" displayName="_AVR" projectFiles="true">
              <logicalFolder name="_mk20dx128" displayName="_mk20dx128" projectFiles="true">
                <logicalFolder name="sketch" displayName="sketch" projectFiles="true">
                  <itemPath>../../build/Teensy3_SPI_shiftRegister_input.ino/_teensy3/_TEENSY30/_AVR/_mk20dx128/sketch/Teensy3_SPI_shiftRegister_input.ino.cpp</itemPath>
                </logicalFolder>
              </logicalFolder>
            </logicalFolder>
          </logicalFolder>
          <logicalFolder name="_TEENSY31" displayName="_TEENSY31" projectFiles="true">
            <logicalFolder name="_AVR" displayName="_AVR" projectFiles="true">
              <logicalFolder name="_mk20dx256" displayName="_mk20dx256" projectFiles="true">
                <logicalFolder name="sketch" displayName="sketch" projectFiles="true">
                  <itemPath>../../build/Teensy3_SPI_shiftRegister_input.ino/_teensy3/_TEENSY31/_AVR/_mk20dx256/sketch/Teensy3_SPI_shiftRegister_input.ino.cpp</itemPath>
                </logicalFolder>
              </logicalFolder>
            </logicalFolder>
          </logicalFolder>
          <logicalFolder name="_TEENSY36" displayName="_TEENSY36" projectFiles="true">
            <logicalFolder name="_AVR" displayName="_AVR" projectFiles="true">
              <logicalFolder name="_mk66fx1m0" displayName="_mk66fx1m0" projectFiles="true">
                <logicalFolder name="sketch" displayName="sketch" projectFiles="true">
                  <itemPath>../../build/Teensy3_SPI_shiftRegister_input.ino/_teensy3/_TEENSY36/_AVR/_mk66fx1m0/sketch/Teensy3_SPI_shiftRegister_input.ino.cpp</itemPath>
                </logicalFolder>
              </logicalFolder>
            </logicalFolder>
          </logicalFolder>
        </logicalFolder>
      </logicalFolder>
    </logicalFolder>
    <df root="." name="0">
      <df name="examples">
        <df name="speedtest">
          <in>speedtest.ino</in>
        </df>
        <df name="Teensy3_SPI_shiftRegister_input">
          <in>Teensy3_SPI_shiftRegister_input.ino</in>
        </df>
      </df>
      <in>spi4teensy3.cpp</in>
      <in>spi4teensy3.h</in>
    </df>
    <logicalFolder name="ExternalFiles"
                   displayName="Important Files"
                   projectFiles="false"
                   kind="IMPORTANT_FILES_FOLDER">
      <itemPath>Makefile</itemPath>
    </logicalFolder>
  </logicalFolder>
  <sourceFolderFilter>^(nbproject)$</sourceFolderFilter>
  <sourceRootList>
    <Elem>.</Elem>
  </sourceRootList>
  <projectmakefile>Makefile</projectmakefile>
  <confs>
    <conf name="teensy3.0" type="0">
      <toolsSet>
        <compilerSet>Teensy-3.0|GNU</compilerSet>
        <dependencyChecking>false</dependencyChecking>
        <rebuildPropChanged>false</rebuildPropChanged>
      </toolsSet>
      <flagsDictionary>
        <element flagsID="0"
                 commonFlags="-nostdlib -fno-exceptions -std=gnu++0x -fno-rtti"/>
      </flagsDictionary>
      <codeAssistance>
        <resolveSymbolicLinks>true</resolveSymbolicLinks>
      </codeAssistance>
      <makefileType>
        <makeTool>
          <buildCommandWorkingDir>.</buildCommandWorkingDir>
          <buildCommand>${MAKE} -f Makefile</buildCommand>
          <cleanCommand>${MAKE} -f Makefile clean</cleanCommand>
          <executablePath></executablePath>
          <cTool>
            <incDir>
              <pElem>/opt/Arduino/hardware/teensy/avr/cores/teensy3</pElem>
              <pElem>.</pElem>
            </incDir>
            <preprocessorList>
              <Elem>ARDUINO=10612</Elem>
              <Elem>F_CPU=96000000</Elem>
              <Elem>LAYOUT_US_ENGLISH</Elem>
              <Elem>TEENSYDUINO=134</Elem>
              <Elem>USB_SERIAL</Elem>
            </preprocessorList>
          </cTool>
          <ccTool>
            <incDir>
              <pElem>/opt/Arduino/hardware/teensy/avr/cores/teensy3</pElem>
              <pElem>.</pElem>
            </incDir>
            <preprocessorList>
              <Elem>ARDUINO=10612</Elem>
              <Elem>F_CPU=96000000</Elem>
              <Elem>LAYOUT_US_ENGLISH</Elem>
              <Elem>TEENSYDUINO=134</Elem>
              <Elem>USB_SERIAL</Elem>
            </preprocessorList>
          </ccTool>
        </makeTool>
      </makefileType>
      <item path="../../build/Teensy3_SPI_shiftRegister_input.ino/_teensy3/_TEENSY30/_AVR/_mk20dx128/sketch/Teensy3_SPI_shiftRegister_input.ino.cpp"
            ex="false"
            tool="1"
            flavor2="8">
        <ccTool flags="0">
        </ccTool>
      </item>
      <item path="../../build/Teensy3_SPI_shiftRegister_input.ino/_teensy3/_TEENSY31/_AVR/_mk20dx256/sketch/Teensy3_SPI_shiftRegister_input.ino.cpp"
            ex="false"
            tool="1"
            flavor2="8">
        <ccTool flags="0">
        </ccTool>
      </item>
      <item path="../../build/Teensy3_SPI_shiftRegister_input.ino/_teensy3/_TEENSY36/_AVR/_mk66fx1m0/sketch/Teensy3_SPI_shiftRegister_input.ino.cpp"
            ex="false"
            tool="1"
            flavor2="8">
        <ccTool flags="0">
        </ccTool>
      </item>
      <item path="../../build/speedtest.ino/_teensy3/_TEENSY30/_AVR/_mk20dx128/sketch/speedtest.ino.cpp"
            ex="false"
            tool="1"
            flavor2="8">
        <ccTool flags="0">
        </ccTool>
      </item>
      <item path="../../build/speedtest.ino/_teensy3/_TEENSY31/_AVR/_mk20dx256/sketch/speedtest.ino.cpp"
            ex="false"
            tool="1"
            flavor2="8">
        <ccTool flags="0">
        </ccTool>
      </item>
      <item path="../../build/speedtest.ino/_teensy3/_TEENSY36/_AVR/_mk66fx1m0/sketch/speedtest.ino.cpp"
            ex="false"
            tool="1"
            flavor2="8">
        <ccTool flags="0">
        </ccTool>
      </item>
      <item path="examples/Teensy3_SPI_shiftRegister_input/Teensy3_SPI_shiftRegister_input.ino"
            ex="false"
            tool="1"
            flavor2="8">
      </item>
      <item path="examples/speedtest/speedtest.ino" ex="false" tool="1" flavor2="8">
      </item>
      <folder path="0">
        <ccTool>
          <incDir>
            <pElem>examples/speedtest</pElem>
          </incDir>
          <preprocessorList>
            <Elem>__MK66FX1M0__</Elem>
          </preprocessorList>
        </ccTool>
      </folder>
      <folder path="build/Teensy3_SPI_shiftRegister_input.ino">
        <ccTool>
          <incDir>
            <pElem>examples/Teensy3_SPI_shiftRegister_input</pElem>
          </incDir>
        </ccTool>
      </folder>
      <folder path="build/Teensy3_SPI_shiftRegister_input.ino/_teensy3/_TEENSY30">
        <ccTool>
          <preprocessorList>
            <Elem>__MK20DX128__</Elem>
          </preprocessorList>
        </ccTool>
      </folder>
      <folder path="build/Teensy3_SPI_shiftRegister_input.ino/_teensy3/_TEENSY31">
        <ccTool>
          <preprocessorList>
            <Elem>__MK20DX256__</Elem>
          </preprocessorList>
        </ccTool>
      </folder>
      <folder path="build/Teensy3_SPI_shiftRegister_input.ino/_teensy3/_TEENSY36">
        <ccTool>
          <preprocessorList>
            <Elem>__MK66FX1M0__</Elem>
          </preprocessorList>
        </ccTool>
      </folder>
      <folder path="build/speedtest.ino">
        <ccTool>
          <incDir>
            <pElem>examples/speedtest</pElem>
          </incDir>
        </ccTool>
      </folder>
      <folder path="build/speedtest.ino/_teensy3/_TEENSY30">
        <ccTool>
          <preprocessorList>
            <Elem>__MK20DX128__</Elem>
          </preprocessorList>
        </ccTool>
      </folder>
      <folder path="build/speedtest.ino/_teensy3/_TEENSY31">
        <ccTool>
          <preprocessorList>
            <Elem>__MK20DX256__</Elem>
          </preprocessorList>
        </ccTool>
      </folder>
      <folder path="build/speedtest.ino/_teensy3/_TEENSY36">
        <ccTool>
          <preprocessorList>
            <Elem>__MK66FX1M0__</Elem>
          </preprocessorList>
        </ccTool>
      </folder>
      <item path="spi4teensy3.cpp" ex="false" tool="1" flavor2="8">
        <ccTool flags="0">
        </ccTool>
      </item>
      <item path="spi4teensy3.h" ex="false" tool="3" flavor2="0">
      </item>
    </conf>
    <conf name="teensy3.12" type="0">
      <toolsSet>
        <compilerSet>default</compilerSet>
        <dependencyChecking>false</dependencyChecking>
        <rebuildPropChanged>false</rebuildPropChanged>
      </toolsSet>
      <flagsDictionary>
        <element flagsID="0"
                 commonFlags="-nostdlib -fno-exceptions -std=gnu++0x -fno-rtti"/>
      </flagsDictionary>
      <codeAssistance>
        <resolveSymbolicLinks>true</resolveSymbolicLinks>
      </codeAssistance>
      <makefileType>
        <makeTool>
          <buildCommandWorkingDir>.</buildCommandWorkingDir>
          <buildCommand>${MAKE} -f Makefile</buildCommand>
          <cleanCommand>${MAKE} -f Makefile clean</cleanCommand>
          <executablePath></executablePath>
          <ccTool>
            <incDir>
              <pElem>/opt/Arduino/hardware/teensy/avr/cores/teensy3</pElem>
              <pElem>.</pElem>
            </incDir>
            <preprocessorList>
              <Elem>ARDUINO=10612</Elem>
              <Elem>F_CPU=96000000</Elem>
              <Elem>LAYOUT_US_ENGLISH</Elem>
              <Elem>TEENSYDUINO=134</Elem>
              <Elem>USB_SERIAL</Elem>
            </preprocessorList>
          </ccTool>
        </makeTool>
      </makefileType>
      <item path="../../build/Teensy3_SPI_shiftRegister_input.ino/_teensy3/_TEENSY30/_AVR/_mk20dx128/sketch/Teensy3_SPI_shiftRegister_input.ino.cpp"
            ex="false"
            tool="1"
            flavor2="8">
        <ccTool flags="0">
        </ccTool>
      </item>
      <item path="../../build/Teensy3_SPI_shiftRegister_input.ino/_teensy3/_TEENSY31/_AVR/_mk20dx256/sketch/Teensy3_SPI_shiftRegister_input.ino.cpp"
            ex="false"
            tool="1"
            flavor2="8">
        <ccTool flags="0">
        </ccTool>
      </item>
      <item path="../../build/Teensy3_SPI_shiftRegister_input.ino/_teensy3/_TEENSY36/_AVR/_mk66fx1m0/sketch/Teensy3_SPI_shiftRegister_input.ino.cpp"
            ex="false"
            tool="1"
            flavor2="8">
        <ccTool flags="0">
        </ccTool>
      </item>
      <item path="../../build/speedtest.ino/_teensy3/_TEENSY30/_AVR/_mk20dx128/sketch/speedtest.ino.cpp"
            ex="false"
            tool="1"
            flavor2="8">
        <ccTool flags="0">
        </ccTool>
      </item>
      <item path="../../build/speedtest.ino/_teensy3/_TEENSY31/_AVR/_mk20dx256/sketch/speedtest.ino.cpp"
            ex="false"
            tool="1"
            flavor2="8">
        <ccTool flags="0">
        </ccTool>
      </item>
      <item path="../../build/speedtest.ino/_teensy3/_TEENSY36/_AVR/_mk66fx1m0/sketch/speedtest.ino.cpp"
            ex="false"
            tool="1"
            flavor2="8">
        <ccTool flags="0">
        </ccTool>
      </item>
      <item path="examples/Teensy3_SPI_shiftRegister_input/Teensy3_SPI_shiftRegister_input.ino"
            ex="false"
            tool="1"
            flavor2="9">
      </item>
      <item path="examples/speedtest/speedtest.ino" ex="false" tool="1" flavor2="9">
      </item>
      <folder path="0">
        <ccTool>
          <incDir>
            <pElem>examples/speedtest</pElem>
          </incDir>
          <preprocessorList>
            <Elem>__MK66FX1M0__</Elem>
          </preprocessorList>
        </ccTool>
      </folder>
      <folder path="build/Teensy3_SPI_shiftRegister_input.ino">
        <ccTool>
          <incDir>
            <pElem>examples/Teensy3_SPI_shiftRegister_input</pElem>
          </incDir>
        </ccTool>
      </folder>
      <folder path="build/Teensy3_SPI_shiftRegister_input.ino/_teensy3/_TEENSY30">
        <ccTool>
          <preprocessorList>
            <Elem>__MK20DX128__</Elem>
          </preprocessorList>
        </ccTool>
      </folder>
      <folder path="build/Teensy3_SPI_shiftRegister_input.ino/_teensy3/_TEENSY31">
        <ccTool>
          <preprocessorList>
            <Elem>__MK20DX256__</Elem>
          </preprocessorList>
        </ccTool>
      </folder>
      <folder path="build/Teensy3_SPI_shiftRegister_input.ino/_teensy3/_TEENSY36">
        <ccTool>
          <preprocessorList>
            <Elem>__MK66FX1M0__</Elem>
          </preprocessorList>
        </ccTool>
      </folder>
      <folder path="build/speedtest.ino">
        <ccTool>
          <incDir>
            <pElem>examples/speedtest</pElem>
          </incDir>
        </ccTool>
      </folder>
      <folder path="build/speedtest.ino/_teensy3/_TEENSY30">
        <ccTool>
          <preprocessorList>
            <Elem>__MK20DX128__</Elem>
          </preprocessorList>
        </ccTool>
      </folder>
      <folder path="build/speedtest.ino/_teensy3/_TEENSY31">
        <ccTool>
          <preprocessorList>
            <Elem>__MK20DX256__</Elem>
          </preprocessorList>
        </ccTool>
      </folder>
      <folder path="build/speedtest.ino/_teensy3/_TEENSY36">
        <ccTool>
          <preprocessorList>
            <Elem>__MK66FX1M0__</Elem>
          </preprocessorList>
        </ccTool>
      </folder>
      <item path="spi4teensy3.cpp" ex="false" tool="1" flavor2="8">
        <ccTool flags="0">
        </ccTool>
      </item>
      <item path="spi4teensy3.h" ex="false" tool="3" flavor2="0">
      </item>
    </conf>
    <conf name="teensy3.6" type="0">
      <toolsSet>
        <compilerSet>default</compilerSet>
        <dependencyChecking>false</dependencyChecking>
        <rebuildPropChanged>false</rebuildPropChanged>
      </toolsSet>
      <flagsDictionary>
        <element flagsID="0"
                 commonFlags="-nostdlib -fno-exceptions -std=gnu++0x -fno-rtti"/>
      </flagsDictionary>
      <codeAssistance>
        <resolveSymbolicLinks>true</resolveSymbolicLinks>
      </codeAssistance>
      <makefileType>
        <makeTool>
          <buildCommandWorkingDir>.</buildCommandWorkingDir>
          <buildCommand>${MAKE} -f Makefile</buildCommand>
          <cleanCommand>${MAKE} -f Makefile clean</cleanCommand>
          <executablePath></executablePath>
          <cTool>
            <standard>10</standard>
          </cTool>
          <ccTool>
            <incDir>
              <pElem>/opt/Arduino/hardware/teensy/avr/cores/teensy3</pElem>
              <pElem>.</pElem>
            </incDir>
            <preprocessorList>
              <Elem>ARDUINO=10612</Elem>
              <Elem>F_CPU=96000000</Elem>
              <Elem>LAYOUT_US_ENGLISH</Elem>
              <Elem>TEENSYDUINO=134</Elem>
              <Elem>USB_SERIAL</Elem>
            </preprocessorList>
          </ccTool>
        </makeTool>
      </makefileType>
      <item path="../../build/Teensy3_SPI_shiftRegister_input.ino/_teensy3/_TEENSY30/_AVR/_mk20dx128/sketch/Teensy3_SPI_shiftRegister_input.ino.cpp"
            ex="false"
            tool="1"
            flavor2="8">
        <ccTool flags="0">
        </ccTool>
      </item>
      <item path="../../build/Teensy3_SPI_shiftRegister_input.ino/_teensy3/_TEENSY31/_AVR/_mk20dx256/sketch/Teensy3_SPI_shiftRegister_input.ino.cpp"
            ex="false"
            tool="1"
            flavor2="8">
        <ccTool flags="0">
        </ccTool>
      </item>
      <item path="../../build/Teensy3_SPI_shiftRegister_input.ino/_teensy3/_TEENSY36/_AVR/_mk66fx1m0/sketch/Teensy3_SPI_shiftRegister_input.ino.cpp"
            ex="false"
            tool="1"
            flavor2="8">
        <ccTool flags="0">
        </ccTool>
      </item>
      <item path="../../build/speedtest.ino/_teensy3/_TEENSY30/_AVR/_mk20dx128/sketch/speedtest.ino.cpp"
            ex="false"
            tool="1"
            flavor2="8">
        <ccTool flags="0">
        </ccTool>
      </item>
      <item path="../../build/speedtest.ino/_teensy3/_TEENSY31/_AVR/_mk20dx256/sketch/speedtest.ino.cpp"
            ex="false"
            tool="1"
            flavor2="8">
        <ccTool flags="0">
        </ccTool>
      </item>
      <item path="../../build/speedtest.ino/_teensy3/_TEENSY36/_AVR/_mk66fx1m0/sketch/speedtest.ino.cpp"
            ex="false"
            tool="1"
            flavor2="8">
        <ccTool flags="0">
        </ccTool>
      </item>
      <item path="examples/Teensy3_SPI_shiftRegister_input/Teensy3_SPI_shiftRegister_input.ino"
            ex="false"
            tool="1"
            flavor2="0">
      </item>
      <item path="examples/speedtest/speedtest.ino" ex="false" tool="1" flavor2="0">
      </item>
      <folder path="0">
        <ccTool>
          <incDir>
            <pElem>examples/speedtest</pElem>
          </incDir>
          <preprocessorList>
            <Elem>__MK66FX1M0__</Elem>
          </preprocessorList>
        </ccTool>
      </folder>
      <folder path="build/Teensy3_SPI_shiftRegister_input.ino">
        <ccTool>
          <incDir>
            <pElem>examples/Teensy3_SPI_shiftRegister_input</pElem>
          </incDir>
        </ccTool>
      </folder>
      <folder path="build/Teensy3_SPI_shiftRegister_input.ino/_teensy3/_TEENSY30">
        <ccTool>
          <preprocessorList>
            <Elem>__MK20DX128__</Elem>
          </preprocessorList>
        </ccTool>
      </folder>
      <folder path="build/Teensy3_SPI_shiftRegister_input.ino/_teensy3/_TEENSY31">
        <ccTool>
          <preprocessorList>
            <Elem>__MK20DX256__</Elem>
          </preprocessorList>
        </ccTool>
      </folder>
      <folder path="build/Teensy3_SPI_shiftRegister_input.ino/_teensy3/_TEENSY36">
        <ccTool>
          <preprocessorList>
            <Elem>__MK66FX1M0__</Elem>
          </preprocessorList>
        </ccTool>
      </folder>
      <folder path="build/speedtest.ino">
        <ccTool>
          <incDir>
            <pElem>examples/speedtest</pElem>
          </incDir>
        </ccTool>
      </folder>
      <folder path="build/speedtest.ino/_teensy3/_TEENSY30">
        <ccTool>
          <preprocessorList>
            <Elem>__MK20DX128__</Elem>
          </preprocessorList>
        </ccTool>
      </folder>
      <folder path="build/speedtest.ino/_teensy3/_TEENSY31">
        <ccTool>
          <preprocessorList>
            <Elem>__MK20DX256__</Elem>
          </preprocessorList>
        </ccTool>
      </folder>
      <folder path="build/speedtest.ino/_teensy3/_TEENSY36">
        <ccTool>
          <preprocessorList>
            <Elem>__MK66FX1M0__</Elem>
          </preprocessorList>
        </ccTool>
      </folder>
      <item path="spi4teensy3.cpp" ex="false" tool="1" flavor2="8">
        <ccTool flags="0">
        </ccTool>
      </item>
      <item path="spi4teensy3.h" ex="false" tool="3" flavor2="0">
      </item>
    </conf>
  </confs>
</configurationDescriptor>
